"ID","Type","Name","Documentation","Source","Target","Specialization"
"id-38189dfcce3e4a89ae1e302e799fb306","AccessRelationship","","","id-32ab6a7d246e4c2db95199dfb6ada8b1","id-13b2503160714349bb822b9a4f8eadc6",""
"id-85c46b2500824e25b73335209cec366f","AccessRelationship","","","id-32ab6a7d246e4c2db95199dfb6ada8b1","id-1f715c50add34dd48f6e85b5abc5864f",""
"id-790672fe8aed4b4eb151ff35cfba4bdb","AccessRelationship","","","id-32ab6a7d246e4c2db95199dfb6ada8b1","id-89e88de295a74ce993eeca86f6e229b0",""
"id-ddc1544ded01418886b288ac6ebf0a6c","AccessRelationship","","","id-62df66fd5c054577b97050c66dfeadaa","id-3c75282c4f774ab8bab3b04d473e7974",""
"id-efb0f30b2ad84c34b1b08e65ec96c3ef","AccessRelationship","","","id-62df66fd5c054577b97050c66dfeadaa","id-887577bdffb34d73aa761d71ac6fbddb",""
"id-3722db1dc3df445ba53f8daf3213b466","AggregationRelationship","","","id-d3b6bde373d94c508b5557a6167592d3","id-7312fee6da5f4ab9b19655f7c887aa92",""
"id-8384707cd2294519a0af216c9533edb1","AggregationRelationship","","","id-8a0797c0a36c41cd86aac1daa98fa515","id-41227716c5214cc29a6faad59154e2ac",""
"id-edacc571541b4495a5f37231a11db48a","AggregationRelationship","","","id-8a0797c0a36c41cd86aac1daa98fa515","id-7688d8ba5911479c8d4ffe8ed64ada4f",""
"id-ab5ede7947404a1aa74f7bdfce311e66","AggregationRelationship","","","id-8a0797c0a36c41cd86aac1daa98fa515","id-853d7342dea14a7e8ea81f5c1c32b8b0",""
"id-7777d8b9196e4ee19d5a5fd32d54f51f","AggregationRelationship","","","id-8a0797c0a36c41cd86aac1daa98fa515","id-9e3f81600aeb4c658929144c1544764c",""
"id-ef2add1805bb456da992256891b4a875","AggregationRelationship","","","id-8a0797c0a36c41cd86aac1daa98fa515","id-8f4c234eeccd466cbff6c596b27d6f09",""
"id-7a695540bf57419bbd62618dcb96e663","AggregationRelationship","","","id-8a0797c0a36c41cd86aac1daa98fa515","id-2d509d9118f34be8b92347524221b7e9",""
"id-e81ac0e323414e539356664004748997","AggregationRelationship","","","id-8a0797c0a36c41cd86aac1daa98fa515","id-44a6ddd394034b8aacebf095822675f7",""
"id-ff35872cdb2f47d9aae5a895c1a00012","AggregationRelationship","","","id-8a0797c0a36c41cd86aac1daa98fa515","id-3418318de4634ed3b82ed08d1e3cdfec",""
"id-12f8edbb4009473fab5e6b651b2d47d5","AggregationRelationship","","","id-ec6f7538d85e486fbac3523d90da2477","id-e2b5514849f24664a80d9a5f94d6f23c",""
"id-a149291c055f4e5fbdfc956c291e883d","AggregationRelationship","","","id-ec6f7538d85e486fbac3523d90da2477","id-5847f36a59aa403d99201ab669553d4a",""
"id-4d2d6a2d0b6d466bb1d28003e947a819","AggregationRelationship","","","id-ec6f7538d85e486fbac3523d90da2477","id-fe00585692e8429b92baf2f3bd708941",""
"id-70739428c2cd41e2adc010ceb7c6c9e1","AggregationRelationship","","","id-d3b6bde373d94c508b5557a6167592d3","id-76f2c56aeba347f5b97789b558ac9b06",""
"id-9203b3bdb900438e872612bfa9c2cdbb","AggregationRelationship","","","id-79416880f3b14dc38b8492fbc3633f6f","id-62df66fd5c054577b97050c66dfeadaa",""
"id-ea07c71d3848436a9b2b6c8806d3dde4","AggregationRelationship","","","id-79416880f3b14dc38b8492fbc3633f6f","id-3ae10bd6637245acb01256bd7112875f",""
"id-b4c767172fad4cb1a58e85eec7b686bc","AggregationRelationship","","","id-79416880f3b14dc38b8492fbc3633f6f","id-a2a787a1e17a4f9ba6f4fae4aeb19974",""
"id-f06e16482647456cba7fc07c47b87aea","AggregationRelationship","","","id-79416880f3b14dc38b8492fbc3633f6f","id-4b9d4b4eb36142feb75136212d446cff",""
"id-e4a32b6633504fce91d1f1920b33254a","AggregationRelationship","","","id-a5a00a4ce2bc44cc89a233c4a9cbda87","id-a738c755e8f246d18ffbb06df2763cd3",""
"id-7788d2070c5a41dfb66122a9637cb6e1","AggregationRelationship","","","id-a5a00a4ce2bc44cc89a233c4a9cbda87","id-7cc650c704cc47ce8d0f9b56b34e3e3d",""
"id-0ba79a15689f4aa0a1421922ae63791d","AggregationRelationship","","","id-a5a00a4ce2bc44cc89a233c4a9cbda87","id-3d6e3dd6de2a4e7188b5a5924e2f9722",""
"id-9c93ab45a39d4086a9f18f543a06998c","AggregationRelationship","","","id-a5a00a4ce2bc44cc89a233c4a9cbda87","id-42b4d868c90b4d6591e6105c63d0d568",""
"id-b692afafa24f4512acd20e829c8836e8","AggregationRelationship","","","id-f80adb637b644ca0afe1bc3566492043","id-3620bdd7a4da4af69d0593016e25fb36",""
"id-e418ff59b52848dfa248ee15f34189a9","AggregationRelationship","","","id-f80adb637b644ca0afe1bc3566492043","id-bb662eeda087422ab8e9908c4f4450d2",""
"id-d27cd6769d1c4fb3a9c253fcdf18945a","AggregationRelationship","","","id-6241940b5a9f4121b2c56bd3d6b5f983","id-da146668b5034f2985b357797db4c7cb",""
"id-9a6eab7b7e70479490ad0e1ec40a9b78","AggregationRelationship","","","id-6241940b5a9f4121b2c56bd3d6b5f983","id-eb3ffd66a08041ffadc727b61f817186",""
"id-388c1baf111446acad45adc0ae4c6294","AggregationRelationship","","","id-6241940b5a9f4121b2c56bd3d6b5f983","id-80f55a560b2f4dbdbcb63550889ec200",""
"id-a50f6f3335c5401286e335b23b4ade55","AggregationRelationship","","","id-6241940b5a9f4121b2c56bd3d6b5f983","id-0479b2608c3c44a698f2a58780f67314",""
"id-ff3442f28dc24649a1888885aaa36f01","AggregationRelationship","","","id-6241940b5a9f4121b2c56bd3d6b5f983","id-d9d5ae63f9ef49adb3b6fcc8b1864c74",""
"id-7b4c28e2f4ce471799d2501cf737606c","AggregationRelationship","","","id-6241940b5a9f4121b2c56bd3d6b5f983","id-25e30adad8ae44f4a8c1041bc8011d6b",""
"id-f19f2895f58943f5847da70aed54ea3c","AssignmentRelationship","","","id-7312fee6da5f4ab9b19655f7c887aa92","id-3446520345e34771bbca29a5327a55c4",""
"id-8efefc4d39e4469eb08bf48b4a5250f0","AssignmentRelationship","","","id-7312fee6da5f4ab9b19655f7c887aa92","id-32ab6a7d246e4c2db95199dfb6ada8b1",""
"id-aeccb46daad741a88d9ff88191b9bec6","AssociationRelationship","","","id-25dab47c068a403b85ee2c3b2ae3899d","id-3446520345e34771bbca29a5327a55c4",""
"id-6c6c17aff63949538abb4f2dc2da9eea","AssociationRelationship","","","id-32ab6a7d246e4c2db95199dfb6ada8b1","id-13b2503160714349bb822b9a4f8eadc6",""
"id-d92b24d1883b4427ae1f6bd7b03bf731","AssociationRelationship","","","id-736a748d59664da09c8160528e8c758d","id-32ab6a7d246e4c2db95199dfb6ada8b1",""
"id-dce4dbb4fae94529b0fb1c16239caa0a","AssociationRelationship","","","id-9b4168c2e16b4abc816a96e0370f4629","id-32ab6a7d246e4c2db95199dfb6ada8b1",""
"id-0410f1785f794678b65291ea037ac826","AssociationRelationship","","","id-1f715c50add34dd48f6e85b5abc5864f","id-32ab6a7d246e4c2db95199dfb6ada8b1",""
"id-47bd8257901444b1a56888857c7ecb0e","AssociationRelationship","","","id-c364744869d146318db3ddfd92f6773c","id-32ab6a7d246e4c2db95199dfb6ada8b1",""
"id-bffc5f04c9e44180b9c72d879e46022d","AssociationRelationship","","","id-f981ac603ec949799e7818163925bdd0","id-32ab6a7d246e4c2db95199dfb6ada8b1",""
"id-70a5aec7957140888a4fa15a4a1d4e60","AssociationRelationship","","","id-2320a9c8af7c41978f7f5f65793c1cc5","id-32ab6a7d246e4c2db95199dfb6ada8b1",""
"id-1fa276d7b85a44d4868f357373d4438f","AssociationRelationship","","","id-834569fa8ed04ca48b8b9f1412b74baa","id-32ab6a7d246e4c2db95199dfb6ada8b1",""
"id-51f3871de21846d481b3c35d135eb0c3","AssociationRelationship","","","id-32ab6a7d246e4c2db95199dfb6ada8b1","id-89e88de295a74ce993eeca86f6e229b0",""
"id-969f62a094524403a38eaf46a44e811a","AssociationRelationship","","","id-32ab6a7d246e4c2db95199dfb6ada8b1","id-d360311ec0d147c480a0ace2f1d2d3c3",""
"id-b3b7cba36fd14285aef79c60b92fcf1a","AssociationRelationship","","","id-32ab6a7d246e4c2db95199dfb6ada8b1","id-0f2172891912408293160199ff660828",""
"id-83a2057d48ee4a2b81e66a5dbcee0509","AssociationRelationship","","","id-32ab6a7d246e4c2db95199dfb6ada8b1","id-0ff782b7b254452cb14d7eca2677c8df",""
"id-c2a6179f0a64407e97215e6140bb00eb","AssociationRelationship","","","id-32ab6a7d246e4c2db95199dfb6ada8b1","id-53f9cebd8dc44bb0acfd1401a22300a8",""
"id-f489dba87ba845758c28e624de1e86af","AssociationRelationship","","","id-32ab6a7d246e4c2db95199dfb6ada8b1","id-33b00e5b517349ba88c84eb043b52470",""
"id-657fbc40fff648579caf5a7ccd05dada","AssociationRelationship","","","id-32ab6a7d246e4c2db95199dfb6ada8b1","id-993d26d5ce5441af9169cd48989dbfcf",""
"id-ab8699466fe24207afb6a04cb98f65de","AssociationRelationship","","","id-32ab6a7d246e4c2db95199dfb6ada8b1","id-39fce091b2aa4961821491be12ac6005",""
"id-3eaefe39b5c047aab67f4a8262b70794","AssociationRelationship","","","id-13b2503160714349bb822b9a4f8eadc6","id-fe00585692e8429b92baf2f3bd708941",""
"id-89464a21d9194639adff8872f7816871","AssociationRelationship","","","id-ab116540d777435a8fc22a6eb558c1b6","id-fe00585692e8429b92baf2f3bd708941",""
"id-0343a2ea58f5446e9cd19458317622a3","AssociationRelationship","","","id-fe00585692e8429b92baf2f3bd708941","id-0bcc0b11db5841039c3edf6a558c2015",""
"id-c7b2666bb7814d4a973117491645e078","AssociationRelationship","","","id-fe00585692e8429b92baf2f3bd708941","id-3e857e3ea916419382d5f7b7e831f55b",""
"id-ccd19651f2f9489296fcf60ee3f2ae7f","AssociationRelationship","","","id-fe00585692e8429b92baf2f3bd708941","id-de5c8be5094f488b95f216bb33e72c25",""
"id-894018f297cd40b28a9b7baea1aefcfa","AssociationRelationship","","","id-fe00585692e8429b92baf2f3bd708941","id-53f9cebd8dc44bb0acfd1401a22300a8",""
"id-80a5841865b74e3bb60bcc4bc52fa322","AssociationRelationship","","","id-fe00585692e8429b92baf2f3bd708941","id-c5d71c45518f48d5a1f7dd8621506d58",""
"id-876c088df789468f981eb803d4accf7f","AssociationRelationship","","","id-fe00585692e8429b92baf2f3bd708941","id-33b00e5b517349ba88c84eb043b52470",""
"id-e0ef535cdf1e45ba9265e484dfb0b2b4","AssociationRelationship","","","id-fe00585692e8429b92baf2f3bd708941","id-1ef16a07f1194aec9d22b687b28f510c",""
"id-e4fb20e7cd2745fe969fad41ab395233","AssociationRelationship","","","id-1f715c50add34dd48f6e85b5abc5864f","id-76f2c56aeba347f5b97789b558ac9b06",""
"id-aabc4aee85c649ec8cf7559eedec5900","AssociationRelationship","","","id-b925b3fb3f164d6187a5f480c31e30e3","id-76f2c56aeba347f5b97789b558ac9b06",""
"id-a875def941a64e5ea03127dd6543731e","AssociationRelationship","","","id-2f93aafd10bb499f8a5b94935c81c89b","id-76f2c56aeba347f5b97789b558ac9b06",""
"id-3b2a1c964e2f46f5bcdea6bfddb59a5b","AssociationRelationship","","","id-1f715c50add34dd48f6e85b5abc5864f","id-fe00585692e8429b92baf2f3bd708941",""
"id-840e7eca59054e0fbdf4d47fdc341bf7","AssociationRelationship","","","id-c364744869d146318db3ddfd92f6773c","id-fe00585692e8429b92baf2f3bd708941",""
"id-08db8b1a5c3d4b49a09a165c43eba03f","AssociationRelationship","","","id-d360311ec0d147c480a0ace2f1d2d3c3","id-fe00585692e8429b92baf2f3bd708941",""
"id-02bf7af7150f4f2ba5c98a30e312169e","AssociationRelationship","","","id-fe00585692e8429b92baf2f3bd708941","id-7f6dadbc51ae48448b08e403a2a0972f",""
"id-f8dd5a9930034fa4ba8a7ae602145ea4","AssociationRelationship","","","id-fe00585692e8429b92baf2f3bd708941","id-aa80a3f829964c2896c0b932a2812eb5",""
"id-461995a1463f45f1935a3587f6b1d488","AssociationRelationship","","","id-fe00585692e8429b92baf2f3bd708941","id-5a11665598044f2db072db80bb15dcad",""
"id-93b6c8524f114d6cab99701cc9631f29","AssociationRelationship","","","id-fe00585692e8429b92baf2f3bd708941","id-0ff782b7b254452cb14d7eca2677c8df",""
"id-ae818c08e1ea418a8c5500b7d7246444","AssociationRelationship","","","id-736a748d59664da09c8160528e8c758d","id-3446520345e34771bbca29a5327a55c4",""
"id-cbb665c0ba8e4453a9765be5b433572d","AssociationRelationship","","","id-9b4168c2e16b4abc816a96e0370f4629","id-3446520345e34771bbca29a5327a55c4",""
"id-6b763aea793a44ccbae138b87c65dd88","AssociationRelationship","","","id-c364744869d146318db3ddfd92f6773c","id-3446520345e34771bbca29a5327a55c4",""
"id-7ea6c43797864feb842e712561bd8afb","AssociationRelationship","","","id-3446520345e34771bbca29a5327a55c4","id-93099e1f67cc4d1e9ffda8c0c99834a6",""
"id-6a602d236663471089286d0fa945d556","AssociationRelationship","","","id-3446520345e34771bbca29a5327a55c4","id-73c577f09d6347a99de832467bc550b0",""
"id-cefa85ae23ea4672b66b7828a5f1e128","AssociationRelationship","","","id-3446520345e34771bbca29a5327a55c4","id-2320a9c8af7c41978f7f5f65793c1cc5",""
"id-66db0762d1304c2d9971befc0db6f341","AssociationRelationship","","","id-3446520345e34771bbca29a5327a55c4","id-0ff782b7b254452cb14d7eca2677c8df",""
"id-4505ee01443346d5ad91be8872b21c63","AssociationRelationship","","","id-3446520345e34771bbca29a5327a55c4","id-3e857e3ea916419382d5f7b7e831f55b",""
"id-17f189424c07497fb7283b143d0557c7","AssociationRelationship","","","id-3446520345e34771bbca29a5327a55c4","id-53f9cebd8dc44bb0acfd1401a22300a8",""
"id-492de7220435422d92b30cd20feb0d4f","AssociationRelationship","","","id-3446520345e34771bbca29a5327a55c4","id-33b00e5b517349ba88c84eb043b52470",""
"id-5d3a9f7f48a142ba8c25f175b5154dcb","AssociationRelationship","","","id-3446520345e34771bbca29a5327a55c4","id-702e0cce6a3d4fd2a224f25818171f11",""
"id-146753f862034f8eb25de883b2b1002b","AssociationRelationship","","","id-3446520345e34771bbca29a5327a55c4","id-84aaf64d06b44bb6b9c9490d1e75cb05",""
"id-3a66f3f1b1a54d0a8b9f638fa57f22b0","AssociationRelationship","","","id-1f715c50add34dd48f6e85b5abc5864f","id-e2b5514849f24664a80d9a5f94d6f23c",""
"id-e1e070b71b2e4aa491829f7fe2692ee3","AssociationRelationship","","","id-c364744869d146318db3ddfd92f6773c","id-e2b5514849f24664a80d9a5f94d6f23c",""
"id-a2e33a4852464996a03920961bcb60ff","AssociationRelationship","","","id-1f715c50add34dd48f6e85b5abc5864f","id-5847f36a59aa403d99201ab669553d4a",""
"id-f8be6b0aec20490d9e17c7882db63463","AssociationRelationship","","","id-c364744869d146318db3ddfd92f6773c","id-5847f36a59aa403d99201ab669553d4a",""
"id-4a82f1fe8eb4492da5275686ce797689","AssociationRelationship","","","id-2320a9c8af7c41978f7f5f65793c1cc5","id-5847f36a59aa403d99201ab669553d4a",""
"id-987a5f4c5f214096bb12ce198dc0dd6d","AssociationRelationship","","","id-aa80a3f829964c2896c0b932a2812eb5","id-5847f36a59aa403d99201ab669553d4a",""
"id-1917431f19a840088c77438976b36ba4","AssociationRelationship","","","id-de5c8be5094f488b95f216bb33e72c25","id-5847f36a59aa403d99201ab669553d4a",""
"id-5c6cab62b0b34e2e8ceb082e55a5f192","AssociationRelationship","","","id-3201652acf25417287545a20e785675d","id-5847f36a59aa403d99201ab669553d4a",""
"id-8a278fde25fc4d62919e2d560d4aeb78","AssociationRelationship","","","id-af0f523978154d90844af2b3e7259ebc","id-5847f36a59aa403d99201ab669553d4a",""
"id-8d676fe0f172432587dccc68d63a2258","AssociationRelationship","","","id-887577bdffb34d73aa761d71ac6fbddb","id-5847f36a59aa403d99201ab669553d4a",""
"id-d5d2cd2dbe194f58afdc06440ac50ad8","AssociationRelationship","","","id-5847f36a59aa403d99201ab669553d4a","id-6b78c15ac3c54d348238abd3ef9474a2",""
"id-3d7d1135e71e4a6c820877ffacc88320","AssociationRelationship","","","id-5847f36a59aa403d99201ab669553d4a","id-f5b52cd6acd84dde99221399355bbfea",""
"id-29c33e3f10334dff828f73f1f1308db5","AssociationRelationship","","","id-5847f36a59aa403d99201ab669553d4a","id-d0befb6a8b744a07bfa748ff3e680888",""
"id-14fd37e83e2d436785c7073e039623f0","AssociationRelationship","","","id-5847f36a59aa403d99201ab669553d4a","id-3c75282c4f774ab8bab3b04d473e7974",""
"id-abb704190946441b9ba8aa466ca1a8d8","AssociationRelationship","","","id-5847f36a59aa403d99201ab669553d4a","id-0ff782b7b254452cb14d7eca2677c8df",""
"id-e251f8ed062c4534bbe062765afd0641","AssociationRelationship","","","id-5847f36a59aa403d99201ab669553d4a","id-3e857e3ea916419382d5f7b7e831f55b",""
"id-faafe34612b646bc9f171ef302cf3d7c","AssociationRelationship","","","id-5847f36a59aa403d99201ab669553d4a","id-53f9cebd8dc44bb0acfd1401a22300a8",""
"id-bb23458a4d6a4e6b9245524952a25725","AssociationRelationship","","","id-5847f36a59aa403d99201ab669553d4a","id-33b00e5b517349ba88c84eb043b52470",""
"id-fba9178fcaa84d5a97d6a5253f99ccae","AssociationRelationship","","","id-5847f36a59aa403d99201ab669553d4a","id-d396914334724741811895e87f110211",""
"id-90fe04ea9ca24884b2a3a4e1776e7c03","AssociationRelationship","","","id-5847f36a59aa403d99201ab669553d4a","id-c9846cb7a6a24287a67336c30ff899ee",""
"id-036aca5c3fbd4ef6bf375f0a65109050","AssociationRelationship","","","id-5847f36a59aa403d99201ab669553d4a","id-ad5188e39c1c443ca2de9097ce669ff7",""
"id-685d805b78e24d3e9cf36e9ea9c1940c","AssociationRelationship","","","id-aa80a3f829964c2896c0b932a2812eb5","id-e2b5514849f24664a80d9a5f94d6f23c",""
"id-691dbbcfa91c41548ba3f47d7288276d","AssociationRelationship","","","id-d0befb6a8b744a07bfa748ff3e680888","id-e2b5514849f24664a80d9a5f94d6f23c",""
"id-a0a3dd986c3648a9ad88804ba3be0852","AssociationRelationship","","","id-3c75282c4f774ab8bab3b04d473e7974","id-e2b5514849f24664a80d9a5f94d6f23c",""
"id-6a15e570c9b34f61a70a065fe255f4ed","AssociationRelationship","","","id-af0f523978154d90844af2b3e7259ebc","id-e2b5514849f24664a80d9a5f94d6f23c",""
"id-41b310c1d3b54b57a82a01d5e35a6fd9","AssociationRelationship","","","id-887577bdffb34d73aa761d71ac6fbddb","id-e2b5514849f24664a80d9a5f94d6f23c",""
"id-6039e0b0f6f94bc9b3a16dabc02cac0d","AssociationRelationship","","","id-e2b5514849f24664a80d9a5f94d6f23c","id-1b318c0a9fd74b6e93d0b6d3db53c128",""
"id-8b61cb8790b3448b9e0081b41880d672","AssociationRelationship","","","id-e2b5514849f24664a80d9a5f94d6f23c","id-de5c8be5094f488b95f216bb33e72c25",""
"id-f75bd7a4a4b54f47a12e600c6b78d657","AssociationRelationship","","","id-e2b5514849f24664a80d9a5f94d6f23c","id-3201652acf25417287545a20e785675d",""
"id-06db505eb20846bfa8d845e0ef57b3eb","AssociationRelationship","","","id-e2b5514849f24664a80d9a5f94d6f23c","id-e7b13d7b81b140dbbe2f0c2d4da6de26",""
"id-24ae6dec330246aeafdd489e67892e8c","AssociationRelationship","","","id-e2b5514849f24664a80d9a5f94d6f23c","id-f61ecd5007c94f20b0e74e1ae0a4a044",""
"id-0e2570f4b9234cdf899054b42c35e6d0","AssociationRelationship","","","id-e2b5514849f24664a80d9a5f94d6f23c","id-0ff782b7b254452cb14d7eca2677c8df",""
"id-5bf7e64a1bc34d9aad383385b436d708","AssociationRelationship","","","id-e2b5514849f24664a80d9a5f94d6f23c","id-3e857e3ea916419382d5f7b7e831f55b",""
"id-70940d29b958485b8516ee764434c2a7","AssociationRelationship","","","id-e2b5514849f24664a80d9a5f94d6f23c","id-53f9cebd8dc44bb0acfd1401a22300a8",""
"id-4fe850407cf64f608ada70d691bd29e1","AssociationRelationship","","","id-e2b5514849f24664a80d9a5f94d6f23c","id-33b00e5b517349ba88c84eb043b52470",""
"id-6ddc671e46fe479286462561eb90b1f9","AssociationRelationship","","","id-e2b5514849f24664a80d9a5f94d6f23c","id-64f786456d2b49b1b67224fcc713754d",""
"id-c7902f97c54e4c62831bfca178c0c3fa","AssociationRelationship","","","id-e2b5514849f24664a80d9a5f94d6f23c","id-cb8a5e4034954e6f80a23dbc1cf506ef",""
"id-00631afac96d42e58dfd98b6e4386402","AssociationRelationship","","","id-e2b5514849f24664a80d9a5f94d6f23c","id-868a51d79c66458d960be94b1035ac29",""
"id-e7ceb3f0a1db43998d1e68be8bf45e6c","AssociationRelationship","","","id-76f2c56aeba347f5b97789b558ac9b06","id-6f51a776df414049942644017c59a3f6",""
"id-5eeedc7e21404551919ab2d947b6f021","AssociationRelationship","","","id-76f2c56aeba347f5b97789b558ac9b06","id-53f9cebd8dc44bb0acfd1401a22300a8",""
"id-4341478e5ada4405a6fd511c02ea3c25","AssociationRelationship","","","id-76f2c56aeba347f5b97789b558ac9b06","id-33b00e5b517349ba88c84eb043b52470",""
"id-934a01fc2efa443c95a19777f4d2e677","AssociationRelationship","","","id-76f2c56aeba347f5b97789b558ac9b06","id-d4c820adfc22408a98967bd85e6c8000",""
"id-1ec7f03bbda8490d8d67ee3eecb603b9","AssociationRelationship","","","id-76f2c56aeba347f5b97789b558ac9b06","id-9a55cabb16654218bc6a90017d3404b4",""
"id-599ce7ea994042c2993ee72d05784a39","AssociationRelationship","","","id-a2a787a1e17a4f9ba6f4fae4aeb19974","id-2d90f35902564acbb4e98cb64f88ba2d",""
"id-9d2c0fac203a4f919f183d20f442d3b9","AssociationRelationship","","","id-a2a787a1e17a4f9ba6f4fae4aeb19974","id-0253359305bd4c77bb6744cf21b4ea54",""
"id-6751a004fc2e467da6cc45ec77466578","AssociationRelationship","","","id-a2a787a1e17a4f9ba6f4fae4aeb19974","id-a09dae276e7d423d87c821b11f8c5252",""
"id-655347abb3294f139eae4e060d46faa7","AssociationRelationship","","","id-1f715c50add34dd48f6e85b5abc5864f","id-a2a787a1e17a4f9ba6f4fae4aeb19974",""
"id-8ec3dffea2384a60873fb23aaafe2372","AssociationRelationship","","","id-7f6dadbc51ae48448b08e403a2a0972f","id-a2a787a1e17a4f9ba6f4fae4aeb19974",""
"id-bc224becaf164f58bff69a8975b060da","AssociationRelationship","","","id-d0befb6a8b744a07bfa748ff3e680888","id-a2a787a1e17a4f9ba6f4fae4aeb19974",""
"id-98430157a4f04a91bc2db998e714a131","AssociationRelationship","","","id-3c75282c4f774ab8bab3b04d473e7974","id-a2a787a1e17a4f9ba6f4fae4aeb19974",""
"id-d52bdee57d374264a9d1628ec85a9fb8","AssociationRelationship","","","id-de5c8be5094f488b95f216bb33e72c25","id-a2a787a1e17a4f9ba6f4fae4aeb19974",""
"id-5538f8a6674644e3b7cc19af6070255f","AssociationRelationship","","","id-3201652acf25417287545a20e785675d","id-a2a787a1e17a4f9ba6f4fae4aeb19974",""
"id-0315e74242f543088c55d9fca44d2bc8","AssociationRelationship","","","id-cc956002383842218b71cda5caf6f18d","id-a2a787a1e17a4f9ba6f4fae4aeb19974",""
"id-66f42badcc164d3ea5b414d7d4d2d37e","AssociationRelationship","","","id-e7b13d7b81b140dbbe2f0c2d4da6de26","id-a2a787a1e17a4f9ba6f4fae4aeb19974",""
"id-4642780473064c5ba25584c7176276cd","AssociationRelationship","","","id-a2a787a1e17a4f9ba6f4fae4aeb19974","id-c364744869d146318db3ddfd92f6773c",""
"id-9442b00f14d844adaaff61b8234b1449","AssociationRelationship","","","id-a2a787a1e17a4f9ba6f4fae4aeb19974","id-53f9cebd8dc44bb0acfd1401a22300a8",""
"id-55c8c647581a4cd6aa2e66c82d924a7d","AssociationRelationship","","","id-a2a787a1e17a4f9ba6f4fae4aeb19974","id-33b00e5b517349ba88c84eb043b52470",""
"id-6dd0953237814e2f828c714a4b224f68","AssociationRelationship","","","id-a2a787a1e17a4f9ba6f4fae4aeb19974","id-4b026f471cf846519b6d9bc956ac9320",""
"id-ea6d004640834c5ca383ec9e5547b610","AssociationRelationship","","","id-a2a787a1e17a4f9ba6f4fae4aeb19974","id-cac3fa558fa44cb89cced1a87eab724f",""
"id-1a6b8753b6664e63802183c24bba5e83","AssociationRelationship","","","id-1f715c50add34dd48f6e85b5abc5864f","id-4b9d4b4eb36142feb75136212d446cff",""
"id-58ea482e9b6c49cd9e5d7972e8734e0f","AssociationRelationship","","","id-d0befb6a8b744a07bfa748ff3e680888","id-4b9d4b4eb36142feb75136212d446cff",""
"id-ad9e7f79189649a39c24b96b40ff02ca","AssociationRelationship","","","id-3c75282c4f774ab8bab3b04d473e7974","id-4b9d4b4eb36142feb75136212d446cff",""
"id-0cc501046837494f82b7609136d6386e","AssociationRelationship","","","id-de5c8be5094f488b95f216bb33e72c25","id-4b9d4b4eb36142feb75136212d446cff",""
"id-8ebb570813c54d56affb7c852b436519","AssociationRelationship","","","id-3201652acf25417287545a20e785675d","id-4b9d4b4eb36142feb75136212d446cff",""
"id-2d34089b8bc94d0ab7de5e765ef6e3b1","AssociationRelationship","","","id-0253359305bd4c77bb6744cf21b4ea54","id-4b9d4b4eb36142feb75136212d446cff",""
"id-47b90991e3a4431dbb467e83c9870925","AssociationRelationship","","","id-2725f688a62848f38c5ca6168b77d259","id-4b9d4b4eb36142feb75136212d446cff",""
"id-e7156218f8894b639c52be0ac4817ac5","AssociationRelationship","","","id-4a92f012e31b4eeeba27f2410c9dfdfe","id-4b9d4b4eb36142feb75136212d446cff",""
"id-969ed5c6048c42a79c5fa76be4f82410","AssociationRelationship","","","id-4b9d4b4eb36142feb75136212d446cff","id-c6cec0418b5e4769b6cb7133c072080a",""
"id-dfec845c67634432a4314ca22388bca7","AssociationRelationship","","","id-4b9d4b4eb36142feb75136212d446cff","id-30b3681b1a1e4dbfb5a86858c6481bde",""
"id-20932772c74f4a079549c6dd3bfb96bc","AssociationRelationship","","","id-4b9d4b4eb36142feb75136212d446cff","id-5a5ece49f6784b088ff73df8e0376d44",""
"id-e124c81cf6e648c0b66aec2b12fd442b","AssociationRelationship","","","id-4b9d4b4eb36142feb75136212d446cff","id-c364744869d146318db3ddfd92f6773c",""
"id-afe8e556fa124236bde9560ca6e48f2b","AssociationRelationship","","","id-4b9d4b4eb36142feb75136212d446cff","id-53f9cebd8dc44bb0acfd1401a22300a8",""
"id-a36ac8ff0620402295951f9695b1889b","AssociationRelationship","","","id-4b9d4b4eb36142feb75136212d446cff","id-33b00e5b517349ba88c84eb043b52470",""
"id-ad91a81f935f4d3aa10b92120b5a91ca","AssociationRelationship","","","id-4b9d4b4eb36142feb75136212d446cff","id-5cb5755ab9ce478bb661b1793e09acff",""
"id-e997173fa7604dbcacf7a81ec3fb35df","AssociationRelationship","","","id-4b9d4b4eb36142feb75136212d446cff","id-e1fe3dc2d555412ba2cc596fad5c6496",""
"id-777346a550e1434299df6dc3fd0a93a1","AssociationRelationship","","","id-1f715c50add34dd48f6e85b5abc5864f","id-3ae10bd6637245acb01256bd7112875f",""
"id-1713944e04d8471d9d1caa19fd6e7591","AssociationRelationship","","","id-aa80a3f829964c2896c0b932a2812eb5","id-3ae10bd6637245acb01256bd7112875f",""
"id-d3dc6faadcd34c9396bc24a386625f6c","AssociationRelationship","","","id-d0befb6a8b744a07bfa748ff3e680888","id-3ae10bd6637245acb01256bd7112875f",""
"id-8449c891398f412bbe27f7f15317d3f9","AssociationRelationship","","","id-3c75282c4f774ab8bab3b04d473e7974","id-3ae10bd6637245acb01256bd7112875f",""
"id-c45df1f49a1040eebaf0af95bb509ef4","AssociationRelationship","","","id-de5c8be5094f488b95f216bb33e72c25","id-3ae10bd6637245acb01256bd7112875f",""
"id-5941b907d2f24157ba8464e76c86f156","AssociationRelationship","","","id-3201652acf25417287545a20e785675d","id-3ae10bd6637245acb01256bd7112875f",""
"id-a70303d4931348a0b695b9e28435eae8","AssociationRelationship","","","id-cc956002383842218b71cda5caf6f18d","id-3ae10bd6637245acb01256bd7112875f",""
"id-55f7c3cf70e94dd681eba890197c0358","AssociationRelationship","","","id-5a5ece49f6784b088ff73df8e0376d44","id-3ae10bd6637245acb01256bd7112875f",""
"id-9c247a58755b47bc8bd4ef2a6e96cd74","AssociationRelationship","","","id-5cb5755ab9ce478bb661b1793e09acff","id-3ae10bd6637245acb01256bd7112875f",""
"id-6a7a10e1e54b495c9024c60abe0d0ef6","AssociationRelationship","","","id-3ae10bd6637245acb01256bd7112875f","id-42c073eb55d44be28726d797fa954b4c",""
"id-05113ec1cd554cb2a4544f8d5bee8e37","AssociationRelationship","","","id-3ae10bd6637245acb01256bd7112875f","id-bc4c68e999634bc08dfcd69695df1e08",""
"id-ed5ed6a49317421f9f9ee8a1cf3af2a8","AssociationRelationship","","","id-3ae10bd6637245acb01256bd7112875f","id-ab116540d777435a8fc22a6eb558c1b6",""
"id-d19618bbd7304b6aaf34ead16706c55c","AssociationRelationship","","","id-3ae10bd6637245acb01256bd7112875f","id-af0f523978154d90844af2b3e7259ebc",""
"id-cd75a8aa3d9244e684d48cf0754b6276","AssociationRelationship","","","id-3ae10bd6637245acb01256bd7112875f","id-7bbb296d0f3843fa9787a9573506c668",""
"id-543fc453f7c44dcf88f256c6b66b1d81","AssociationRelationship","","","id-3ae10bd6637245acb01256bd7112875f","id-e14508f0e4124e0782dc464b4ed65f2b",""
"id-a5a8ae9752f34d1ca527608d5eb34597","AssociationRelationship","","","id-3ae10bd6637245acb01256bd7112875f","id-c364744869d146318db3ddfd92f6773c",""
"id-46d70b98d22c47e3a41ec981b1872f21","AssociationRelationship","","","id-3ae10bd6637245acb01256bd7112875f","id-53f9cebd8dc44bb0acfd1401a22300a8",""
"id-42318b363c0540198dd44a09f941bf62","AssociationRelationship","","","id-3ae10bd6637245acb01256bd7112875f","id-33b00e5b517349ba88c84eb043b52470",""
"id-f9c80d91cce745efa1472dbb9921c9cf","AssociationRelationship","","","id-3ae10bd6637245acb01256bd7112875f","id-b937b41eb95748ad90262ce2d8442e44",""
"id-a2d6eedb69de4a00b811da5cee7113d3","AssociationRelationship","","","id-3ae10bd6637245acb01256bd7112875f","id-bc60b60e1b28448c9a14588045e3ad95",""
"id-05a7949a576c41c9acb479344d89cbc9","AssociationRelationship","","","id-736a748d59664da09c8160528e8c758d","id-8f4c234eeccd466cbff6c596b27d6f09",""
"id-b4f92d7361ea4d82ad5eaa8e49bcfe70","AssociationRelationship","","","id-b03f7dcffd964a4c88b609cc6466ea8f","id-8f4c234eeccd466cbff6c596b27d6f09",""
"id-6a04ffcb84e44577b6a17a49ca479fa3","AssociationRelationship","","","id-ad2cf066e58747c483d92e774a506b10","id-8f4c234eeccd466cbff6c596b27d6f09",""
"id-04276c009196444485b32a2ec8d4fb4f","AssociationRelationship","","","id-7205cee1f17340158150eea23405b82a","id-8f4c234eeccd466cbff6c596b27d6f09",""
"id-6d23d5dab6cd4b169be1a6667914473c","AssociationRelationship","","","id-6160b83f0c514404b495ec7088fea940","id-8f4c234eeccd466cbff6c596b27d6f09",""
"id-4d75f502f1aa4667ae02fb8eae701782","AssociationRelationship","","","id-6e705b094e9b460e8f04955b04627909","id-8f4c234eeccd466cbff6c596b27d6f09",""
"id-e135bacbd9a44231ad901956e848c5eb","AssociationRelationship","","","id-3b29ee2dd8e44653b73a95703593607f","id-8f4c234eeccd466cbff6c596b27d6f09",""
"id-c8c0dcbf2df04afa93116e035ac66b1a","AssociationRelationship","","","id-794eacf0696c436f93c3ea5a52ec479a","id-8f4c234eeccd466cbff6c596b27d6f09",""
"id-cfccdd890f5b40fab8e67b6707db57d8","AssociationRelationship","","","id-9c11d47b951544f7934ffec1074892a4","id-8f4c234eeccd466cbff6c596b27d6f09",""
"id-ad74d220cd1a4d6c8b4d6dd411c05d1d","AssociationRelationship","","","id-8f4c234eeccd466cbff6c596b27d6f09","id-100432dff91d4ff5aa6030141fee6ccb",""
"id-a33071093ca4441a91a360df1f2e849d","AssociationRelationship","","","id-8f4c234eeccd466cbff6c596b27d6f09","id-c3be2eea07a14fb7b7b9001b43a711c4",""
"id-c4265ecf4c3d41b3ba0968d85488c080","AssociationRelationship","","","id-8f4c234eeccd466cbff6c596b27d6f09","id-0c1e2dd4cf4a4849a5f8d41a809787ca",""
"id-2d2e25ea401a42ccafcc9c50a91d0561","AssociationRelationship","","","id-8f4c234eeccd466cbff6c596b27d6f09","id-535be19768424cd5b2f2ae21dd063577",""
"id-64474ae01e8a41a3b3eee3b469337526","AssociationRelationship","","","id-8f4c234eeccd466cbff6c596b27d6f09","id-1d2ec952b5a04f38a111636008bba23c",""
"id-be66e992f60a48a4b3a4fa1ec1ec9ddc","AssociationRelationship","","","id-8f4c234eeccd466cbff6c596b27d6f09","id-622f11e9fe1d45a98c6607a140b403de",""
"id-4e151f7e345e4fefa4ca8524034cbb06","AssociationRelationship","","","id-8f4c234eeccd466cbff6c596b27d6f09","id-45ba588dbf2d41c19572901b15249833",""
"id-a5fb59311f464a4f965c3681a2b0fc17","AssociationRelationship","","","id-8f4c234eeccd466cbff6c596b27d6f09","id-12ba502972b04901892806c60d024af3",""
"id-64f97b41a867492ab114390dfbc8756f","AssociationRelationship","","","id-8f4c234eeccd466cbff6c596b27d6f09","id-72807c90cb414bfdbb22e1633ebb1fa3",""
"id-2f21e9ce7fbf421ea2b2e55ca7b7aad7","AssociationRelationship","","","id-8f4c234eeccd466cbff6c596b27d6f09","id-94cc1405cb2d438fbb64e34ac852b2c5",""
"id-7fcd24d97bcb434db4fc20a150b8c5fd","AssociationRelationship","","","id-8f4c234eeccd466cbff6c596b27d6f09","id-49faab91e49b4e7091d0e4c00ea35b76",""
"id-22b9c9476cef4501bf2c263971d94bd3","AssociationRelationship","","","id-3ae0672d20244494be12729c17f5acd6","id-41227716c5214cc29a6faad59154e2ac",""
"id-7b0d7c37fdcd43829fd178a73b446c7f","AssociationRelationship","","","id-a37b3ee6f3cd4d4fadf7799c6809f3f8","id-41227716c5214cc29a6faad59154e2ac",""
"id-cdd3ad7d488d417d805902ccfca28b81","AssociationRelationship","","","id-41227716c5214cc29a6faad59154e2ac","id-e3d8367b0a6d4edb9c9b1c89d33973b1",""
"id-5e9c1ac3327941b6a8caea4bef07883e","AssociationRelationship","","","id-41227716c5214cc29a6faad59154e2ac","id-cbba009d753e47d1b7a7c8fc74784981",""
"id-1230cde08a4342fc8f6a8410833dc3f2","AssociationRelationship","","","id-41227716c5214cc29a6faad59154e2ac","id-5be7e85db9a14933add51edeeeafa32d",""
"id-504890c9396d4cb58b17a7e2e31ff3fc","AssociationRelationship","","","id-41227716c5214cc29a6faad59154e2ac","id-c0c36ba53d3a47b88905c8534c0807be",""
"id-d8338fb7ecb6483dafbd9b15b2f0e81b","AssociationRelationship","","","id-41227716c5214cc29a6faad59154e2ac","id-38af16de7e8d495fad1c2457ac770263",""
"id-f9287d4d323548909c83033fd8f1d0c5","AssociationRelationship","","","id-41227716c5214cc29a6faad59154e2ac","id-5c055b4173e44dd082da1766f349ef39",""
"id-98b2e758d57a49eaa9170d71f3da88d2","AssociationRelationship","","","id-41227716c5214cc29a6faad59154e2ac","id-22a9a5060a5e48cfb88ac007b04651b0",""
"id-6cda0138abf44c7cb87ac03c45b39f58","AssociationRelationship","","","id-1d360354ffc74ea0a00ff3c48a930a3f","id-da146668b5034f2985b357797db4c7cb",""
"id-a2c99aa72fd44bd89474b1b93a4b4a7c","AssociationRelationship","","","id-915418d44af24a3da36171d084f31eaa","id-da146668b5034f2985b357797db4c7cb",""
"id-dc22ab60ae6c4bd896826cfe9cb896a7","AssociationRelationship","","","id-4fed58ab78da4b6eaccc86d428e95241","id-da146668b5034f2985b357797db4c7cb",""
"id-7b494ee51399407cadab189db99d198a","AssociationRelationship","","","id-1f715c50add34dd48f6e85b5abc5864f","id-62df66fd5c054577b97050c66dfeadaa",""
"id-f85751087d7446998e4338c619f2809d","AssociationRelationship","","","id-5a11665598044f2db072db80bb15dcad","id-62df66fd5c054577b97050c66dfeadaa",""
"id-94b7cfc11c13409aa440e04400d001a6","AssociationRelationship","","","id-13b2503160714349bb822b9a4f8eadc6","id-62df66fd5c054577b97050c66dfeadaa",""
"id-9de98b9ca4294b97973fdae9fda76a98","AssociationRelationship","","","id-d0befb6a8b744a07bfa748ff3e680888","id-62df66fd5c054577b97050c66dfeadaa",""
"id-5e8427cfc9c54a7ab42be91d9addbb4b","AssociationRelationship","","","id-62df66fd5c054577b97050c66dfeadaa","id-ba8bde1aec4b4412bcf9531350ee89ce",""
"id-5ec6ac985706443386d3b97682bab289","AssociationRelationship","","","id-62df66fd5c054577b97050c66dfeadaa","id-0f2172891912408293160199ff660828",""
"id-775aa598e17b4ba2aca35db416e7929b","AssociationRelationship","","","id-62df66fd5c054577b97050c66dfeadaa","id-834569fa8ed04ca48b8b9f1412b74baa",""
"id-5879756ba7fb4d18a63fcc3c4b8b14a2","AssociationRelationship","","","id-62df66fd5c054577b97050c66dfeadaa","id-887577bdffb34d73aa761d71ac6fbddb",""
"id-dcb20277ee9f4c6b82294a4f89c6c034","AssociationRelationship","","","id-3c75282c4f774ab8bab3b04d473e7974","id-62df66fd5c054577b97050c66dfeadaa",""
"id-bea3122cf82d4eaab8653505eba721fc","AssociationRelationship","","","id-de5c8be5094f488b95f216bb33e72c25","id-62df66fd5c054577b97050c66dfeadaa",""
"id-24cc3a0e60e241cf84e203a6807caf21","AssociationRelationship","","","id-62df66fd5c054577b97050c66dfeadaa","id-c876c44edfea47e3990a6d6cd566c590",""
"id-7eda8dc83ca44964af33d734b223f7bd","AssociationRelationship","","","id-62df66fd5c054577b97050c66dfeadaa","id-d29a13e0e0fb4aeea86575c35dc6d411",""
"id-6e012aa250b149caa252b24af42111f5","AssociationRelationship","","","id-62df66fd5c054577b97050c66dfeadaa","id-c364744869d146318db3ddfd92f6773c",""
"id-c583a38c576b4764ac9606ff5c5b7dac","AssociationRelationship","","","id-62df66fd5c054577b97050c66dfeadaa","id-53f9cebd8dc44bb0acfd1401a22300a8",""
"id-b2dfea5f7623437d80984e3c0a322534","AssociationRelationship","","","id-62df66fd5c054577b97050c66dfeadaa","id-33b00e5b517349ba88c84eb043b52470",""
"id-04918d18e4d74e4a9a0a4e98a0293c14","AssociationRelationship","","","id-62df66fd5c054577b97050c66dfeadaa","id-4d32ca490c8a415cac776205fca1b0c9",""
"id-28ef25090b1b4e64a2c3a5b39da8a940","AssociationRelationship","","","id-62df66fd5c054577b97050c66dfeadaa","id-5d5dac208533406aa72289935eb2b710",""
"id-fa90755dddad47b582f732b729784f6e","AssociationRelationship","","","id-3201652acf25417287545a20e785675d","id-62df66fd5c054577b97050c66dfeadaa",""
"id-6ac02431fd814fa7aeeb16b1f0e3f614","AssociationRelationship","","","id-cc956002383842218b71cda5caf6f18d","id-62df66fd5c054577b97050c66dfeadaa",""
"id-c33ccb38c2024f8f97745109e808be1e","AssociationRelationship","","","id-7bbb296d0f3843fa9787a9573506c668","id-62df66fd5c054577b97050c66dfeadaa",""
"id-95bdc415e74747379519317c11a990b1","AssociationRelationship","","","id-b937b41eb95748ad90262ce2d8442e44","id-62df66fd5c054577b97050c66dfeadaa",""
"id-27e112c6ba3c4220a62aa48fd1b35905","AssociationRelationship","","","id-d873ba656fa847c6a5a81a7f298e0a66","id-62df66fd5c054577b97050c66dfeadaa",""
"id-8241b7d5cbe24504bd3c8a4e69fdd01d","AssociationRelationship","","","id-5487173f102148a08c5601ee89438dc3","id-62df66fd5c054577b97050c66dfeadaa",""
"id-124fccfb9a184634881bfd634159ff2c","AssociationRelationship","","","id-1f715c50add34dd48f6e85b5abc5864f","id-42b4d868c90b4d6591e6105c63d0d568",""
"id-b85cb041055240deb6f4798364dfb74a","AssociationRelationship","","","id-cc956002383842218b71cda5caf6f18d","id-42b4d868c90b4d6591e6105c63d0d568",""
"id-2e501c55c3214edc81ce5a6d88386981","AssociationRelationship","","","id-7bbb296d0f3843fa9787a9573506c668","id-42b4d868c90b4d6591e6105c63d0d568",""
"id-8cb8d8e1f02c4fc3bfef305740917646","AssociationRelationship","","","id-b937b41eb95748ad90262ce2d8442e44","id-42b4d868c90b4d6591e6105c63d0d568",""
"id-91836aac317647078b6a44d89772df61","AssociationRelationship","","","id-c876c44edfea47e3990a6d6cd566c590","id-42b4d868c90b4d6591e6105c63d0d568",""
"id-7451248ce8bb47598b6e609eb5a765d2","AssociationRelationship","","","id-4d32ca490c8a415cac776205fca1b0c9","id-42b4d868c90b4d6591e6105c63d0d568",""
"id-1b436f641dfc4261b1847c18d8035e5b","AssociationRelationship","","","id-2d90f35902564acbb4e98cb64f88ba2d","id-42b4d868c90b4d6591e6105c63d0d568",""
"id-69bca12b8ddf4e41baf00c84c5ee6b18","AssociationRelationship","","","id-42b4d868c90b4d6591e6105c63d0d568","id-c618079d714148bca1305a27371999c6",""
"id-92849544fdcc4d26b9b60a9489c3cee1","AssociationRelationship","","","id-42b4d868c90b4d6591e6105c63d0d568","id-0eb98ef80f9e488394ff0fdf96d8451d",""
"id-c1c2c133bae844ef862061a48e43b8ec","AssociationRelationship","","","id-42b4d868c90b4d6591e6105c63d0d568","id-d873ba656fa847c6a5a81a7f298e0a66",""
"id-955b4d57c2f349908aaeda8d84c0fcc8","AssociationRelationship","","","id-42b4d868c90b4d6591e6105c63d0d568","id-dd0db487b7c2432e88c1f425ec0c1a0c",""
"id-e86bda7f940d44ae9ae3326487dc07b1","AssociationRelationship","","","id-42b4d868c90b4d6591e6105c63d0d568","id-c364744869d146318db3ddfd92f6773c",""
"id-b780ef776158438b9ca1024e002227b2","AssociationRelationship","","","id-42b4d868c90b4d6591e6105c63d0d568","id-53f9cebd8dc44bb0acfd1401a22300a8",""
"id-438525c9dd844f089641873d02a14b9c","AssociationRelationship","","","id-42b4d868c90b4d6591e6105c63d0d568","id-33b00e5b517349ba88c84eb043b52470",""
"id-74d5da019c9240fa9cc32e16b6aee188","AssociationRelationship","","","id-42b4d868c90b4d6591e6105c63d0d568","id-cdfc0593242c4cf69f0fb88e251bd2d8",""
"id-d79e2a2c4a6549ef8cdde7352eca2ddc","AssociationRelationship","","","id-1f715c50add34dd48f6e85b5abc5864f","id-3d6e3dd6de2a4e7188b5a5924e2f9722",""
"id-eb18eb71df48478d986df91cdf723568","AssociationRelationship","","","id-d873ba656fa847c6a5a81a7f298e0a66","id-3d6e3dd6de2a4e7188b5a5924e2f9722",""
"id-f6a799d4315b4da890946d38c93d486b","AssociationRelationship","","","id-dd0db487b7c2432e88c1f425ec0c1a0c","id-3d6e3dd6de2a4e7188b5a5924e2f9722",""
"id-900829a2267e40b78a619e43dcdc095b","AssociationRelationship","","","id-5487173f102148a08c5601ee89438dc3","id-3d6e3dd6de2a4e7188b5a5924e2f9722",""
"id-49f7af0a11e34d688e0658e8ff23831a","AssociationRelationship","","","id-29923888b87142128ac3305619519112","id-3d6e3dd6de2a4e7188b5a5924e2f9722",""
"id-c87f874724b8416a9b23f85e43551b20","AssociationRelationship","","","id-3d6e3dd6de2a4e7188b5a5924e2f9722","id-dc64f214789e4470a7adcc47d574667c",""
"id-ebdfe5d253fe43fcb9126054fe56e840","AssociationRelationship","","","id-3d6e3dd6de2a4e7188b5a5924e2f9722","id-d96ba93b1cee44988a4708daa49e432b",""
"id-56873a4c0fe04cd6a539bb1912342029","AssociationRelationship","","","id-3d6e3dd6de2a4e7188b5a5924e2f9722","id-10e2e0c2bb694e7e89736cfb3a1dfd46",""
"id-cdc8f752cd3e4f22b0abd3fddcff11a8","AssociationRelationship","","","id-3d6e3dd6de2a4e7188b5a5924e2f9722","id-c364744869d146318db3ddfd92f6773c",""
"id-489084b2487d42c59329cee8dfddb9ae","AssociationRelationship","","","id-3d6e3dd6de2a4e7188b5a5924e2f9722","id-53f9cebd8dc44bb0acfd1401a22300a8",""
"id-4bf7e00b8edd4bf39b7459df9adb1a5e","AssociationRelationship","","","id-3d6e3dd6de2a4e7188b5a5924e2f9722","id-33b00e5b517349ba88c84eb043b52470",""
"id-5278eae70f5f4521ae4acf3a93ca1da8","AssociationRelationship","","","id-3d6e3dd6de2a4e7188b5a5924e2f9722","id-20eb54aa48c24a558801c56ff9d271de",""
"id-90bc00043e674ae892163d0f52dbe736","AssociationRelationship","","","id-3d6e3dd6de2a4e7188b5a5924e2f9722","id-42f142d16f9d4cb3939a0f14be62ef13",""
"id-9017de32700a420f8ff44c8d8d505151","AssociationRelationship","","","id-b03f7dcffd964a4c88b609cc6466ea8f","id-7cc650c704cc47ce8d0f9b56b34e3e3d",""
"id-b9a50303543e4d11a9cb98545e81c986","AssociationRelationship","","","id-10e2e0c2bb694e7e89736cfb3a1dfd46","id-7cc650c704cc47ce8d0f9b56b34e3e3d",""
"id-59b2ecd5dd164b97841c15a07267c2fb","AssociationRelationship","","","id-dd0db487b7c2432e88c1f425ec0c1a0c","id-7cc650c704cc47ce8d0f9b56b34e3e3d",""
"id-0ff8a4526ce244c9a2cc544167b81989","AssociationRelationship","","","id-20eb54aa48c24a558801c56ff9d271de","id-7cc650c704cc47ce8d0f9b56b34e3e3d",""
"id-1bec1a72d477486a8332269fe4b49c08","AssociationRelationship","","","id-7cc650c704cc47ce8d0f9b56b34e3e3d","id-bd636961b6924f56905cf7ef86b3d91f",""
"id-18a21b3979d74223a768f54453bfdd45","AssociationRelationship","","","id-7cc650c704cc47ce8d0f9b56b34e3e3d","id-60137e839fa942529c30d0b3f8f03b63",""
"id-4c85d6b0a1c745e2bd8cea05ca67699c","AssociationRelationship","","","id-7cc650c704cc47ce8d0f9b56b34e3e3d","id-55b41f0ab7d5436a846d2225fb64addf",""
"id-77e9f9fe110c4e5cbd2576633e77b433","AssociationRelationship","","","id-7cc650c704cc47ce8d0f9b56b34e3e3d","id-c364744869d146318db3ddfd92f6773c",""
"id-7362867fd28c45c9b95720d7be0a6849","AssociationRelationship","","","id-7cc650c704cc47ce8d0f9b56b34e3e3d","id-53f9cebd8dc44bb0acfd1401a22300a8",""
"id-04eda75d02474264a4b562d95c7b1d0d","AssociationRelationship","","","id-7cc650c704cc47ce8d0f9b56b34e3e3d","id-33b00e5b517349ba88c84eb043b52470",""
"id-4a6aa8d6966b4a01ba475fc038d371f5","AssociationRelationship","","","id-7cc650c704cc47ce8d0f9b56b34e3e3d","id-29923888b87142128ac3305619519112",""
"id-9dfe61b74d624a889754809b38f5ed93","AssociationRelationship","","","id-7cc650c704cc47ce8d0f9b56b34e3e3d","id-02c602184778430fb3209c98eace2d03",""
"id-9540f62d7d1d4d239dde09c6d9b1229b","AssociationRelationship","","","id-b03f7dcffd964a4c88b609cc6466ea8f","id-a738c755e8f246d18ffbb06df2763cd3",""
"id-433b15a1e11e46c58f01c537114d0c35","AssociationRelationship","","","id-10e2e0c2bb694e7e89736cfb3a1dfd46","id-a738c755e8f246d18ffbb06df2763cd3",""
"id-eeef1d9948984a809a0cb4657668092e","AssociationRelationship","","","id-55b41f0ab7d5436a846d2225fb64addf","id-a738c755e8f246d18ffbb06df2763cd3",""
"id-435fdb5e1e6e49cfa19aa82832563a27","AssociationRelationship","","","id-dd0db487b7c2432e88c1f425ec0c1a0c","id-a738c755e8f246d18ffbb06df2763cd3",""
"id-4af8de1471e840949a709e143801a46e","AssociationRelationship","","","id-20eb54aa48c24a558801c56ff9d271de","id-a738c755e8f246d18ffbb06df2763cd3",""
"id-29a4ae6dd45c4a2b9b950fae2dbc976b","AssociationRelationship","","","id-a738c755e8f246d18ffbb06df2763cd3","id-78a45ba4abd6438a9e9a4b29c9ec7927",""
"id-2dd40d0e56774c4aa126d6a128422df6","AssociationRelationship","","","id-a738c755e8f246d18ffbb06df2763cd3","id-cfc873a0f6344185b01ad59523216493",""
"id-fd992705bfce426283dd3299cc9e5afa","AssociationRelationship","","","id-a738c755e8f246d18ffbb06df2763cd3","id-8cc6660c6cfb4422997784e787cf255e",""
"id-f19757fde079457e94acb8e27a5bdd50","AssociationRelationship","","","id-a738c755e8f246d18ffbb06df2763cd3","id-c364744869d146318db3ddfd92f6773c",""
"id-220da8777c8a4a5aa91cc7a6572b74d3","AssociationRelationship","","","id-a738c755e8f246d18ffbb06df2763cd3","id-53f9cebd8dc44bb0acfd1401a22300a8",""
"id-e4455427c58f4d80adce5f5e824db82e","AssociationRelationship","","","id-a738c755e8f246d18ffbb06df2763cd3","id-33b00e5b517349ba88c84eb043b52470",""
"id-a29a844d1dd242f2ab9f48ec89a84f9b","AssociationRelationship","","","id-a738c755e8f246d18ffbb06df2763cd3","id-98d36d72decb4ccd8824b157e56b89f5",""
"id-716ef6d8e0814183b9b0a95212b9e5e9","AssociationRelationship","","","id-a738c755e8f246d18ffbb06df2763cd3","id-5054239f166046d3bf27777d80c1e2a0",""
"id-765ea459fc5b4855b50f7fd511304fad","AssociationRelationship","","","id-25dab47c068a403b85ee2c3b2ae3899d","id-3620bdd7a4da4af69d0593016e25fb36",""
"id-7038bbef01ba4d838ffc241cc6bf70e1","AssociationRelationship","","","id-94cc1405cb2d438fbb64e34ac852b2c5","id-3620bdd7a4da4af69d0593016e25fb36",""
"id-3d2b9ededd6e47008442b0401cdf4ed7","AssociationRelationship","","","id-ad2cf066e58747c483d92e774a506b10","id-3620bdd7a4da4af69d0593016e25fb36",""
"id-2dcc0b6443b246ed90f17f8720bea164","AssociationRelationship","","","id-a37b3ee6f3cd4d4fadf7799c6809f3f8","id-3620bdd7a4da4af69d0593016e25fb36",""
"id-92539789a8464a2384174f67331bcdc4","AssociationRelationship","","","id-3ba17d83753d4914a0cf9098ff135952","id-3620bdd7a4da4af69d0593016e25fb36",""
"id-8ad08cb5398340519f4f6c5e78704acb","AssociationRelationship","","","id-3620bdd7a4da4af69d0593016e25fb36","id-dd304d03cd6a44b9b12b9650ce3fc6d6",""
"id-f07347f3257e476185f84de48313547b","AssociationRelationship","","","id-3620bdd7a4da4af69d0593016e25fb36","id-ba963431190b46c2bb39677b60feff50",""
"id-366848498d1248239c28ca41266276f3","AssociationRelationship","","","id-3620bdd7a4da4af69d0593016e25fb36","id-2725f688a62848f38c5ca6168b77d259",""
"id-0694135a0caa433bbcad26adb4e1dc1c","AssociationRelationship","","","id-3620bdd7a4da4af69d0593016e25fb36","id-a37b3ee6f3cd4d4fadf7799c6809f3f8",""
"id-5a703b6f72a84bd0af9848c993ed6b1b","AssociationRelationship","","","id-3620bdd7a4da4af69d0593016e25fb36","id-cb0ab066171a486f8595dddf542f07fc",""
"id-02d9d75ae77e479bbe5866d9be22a868","AssociationRelationship","","","id-3620bdd7a4da4af69d0593016e25fb36","id-2e9c1ba82e7a453f800e9af9901d29f3",""
"id-6eebb4c1ed70420f9d17b5ca25c83909","AssociationRelationship","","","id-3620bdd7a4da4af69d0593016e25fb36","id-ec31359a19064b88a09bef505f2c7afc",""
"id-8cd969f9467b402fadde15efdf11e6bb","AssociationRelationship","","","id-3620bdd7a4da4af69d0593016e25fb36","id-863a4f919c30451d877d6fb998129886",""
"id-0ec15a0a7ec744d085b5da298ba70901","AssociationRelationship","","","id-25dab47c068a403b85ee2c3b2ae3899d","id-bb662eeda087422ab8e9908c4f4450d2",""
"id-e18000dbeca0437286c20e40909b2add","AssociationRelationship","","","id-ec31359a19064b88a09bef505f2c7afc","id-bb662eeda087422ab8e9908c4f4450d2",""
"id-244d2551d25742f3ac1afb664880d9e6","AssociationRelationship","","","id-fb1e454c2e894a378ed97b37eb70ac3f","id-bb662eeda087422ab8e9908c4f4450d2",""
"id-9d5907ab76fa4e8ab999f6d9ae67f844","AssociationRelationship","","","id-be3e5014ad0448e0bdc32582044f83a1","id-bb662eeda087422ab8e9908c4f4450d2",""
"id-5838ab1d3e544607b2becdddcb442f2a","AssociationRelationship","","","id-a37b3ee6f3cd4d4fadf7799c6809f3f8","id-bb662eeda087422ab8e9908c4f4450d2",""
"id-2b39f964d9474376a4a8cf757ba832b8","AssociationRelationship","","","id-c0c36ba53d3a47b88905c8534c0807be","id-bb662eeda087422ab8e9908c4f4450d2",""
"id-8532d32375c947038cf91f5eb2666765","AssociationRelationship","","","id-d873ba656fa847c6a5a81a7f298e0a66","id-bb662eeda087422ab8e9908c4f4450d2",""
"id-26a5cfd848254366a235aec145527b47","AssociationRelationship","","","id-c876c44edfea47e3990a6d6cd566c590","id-bb662eeda087422ab8e9908c4f4450d2",""
"id-a48efede54614a4195b3e31ed261db13","AssociationRelationship","","","id-8cc6660c6cfb4422997784e787cf255e","id-bb662eeda087422ab8e9908c4f4450d2",""
"id-8118e73d4d3b4f5ca06466e57bcc01ca","AssociationRelationship","","","id-2c100772e611476fb786d2443865546f","id-bb662eeda087422ab8e9908c4f4450d2",""
"id-701d9d2660e04133bd78369c99854487","AssociationRelationship","","","id-bb662eeda087422ab8e9908c4f4450d2","id-fd1a768ac03f451e85cd5f7de1d1d605",""
"id-afda05a4858f4d9594a8409e11c8bc55","AssociationRelationship","","","id-bb662eeda087422ab8e9908c4f4450d2","id-ad2cf066e58747c483d92e774a506b10",""
"id-719ded13c3994e9cb9afb6b6844511f9","AssociationRelationship","","","id-bb662eeda087422ab8e9908c4f4450d2","id-4f909fb05d674de980c88c72623be292",""
"id-e6c56569aeb046a985ec8aad9562735b","AssociationRelationship","","","id-bb662eeda087422ab8e9908c4f4450d2","id-a37b3ee6f3cd4d4fadf7799c6809f3f8",""
"id-9248f56017604cd387834bd7b3068350","AssociationRelationship","","","id-bb662eeda087422ab8e9908c4f4450d2","id-e9309e6b354f4829861ac5ed671eac6e",""
"id-f334777f75af416eacaf7622cfc67132","AssociationRelationship","","","id-bb662eeda087422ab8e9908c4f4450d2","id-1ac826487e80427ea97df0dda693e9bc",""
"id-593510fdad844a70acdb77fe3a42d76f","AssociationRelationship","","","id-bb662eeda087422ab8e9908c4f4450d2","id-a6fa87cf0aff4bb7a384c91a4a157a97",""
"id-f2e60c87f375462888b40aa1ab24bf38","AssociationRelationship","","","id-3446520345e34771bbca29a5327a55c4","id-1f715c50add34dd48f6e85b5abc5864f",""
"id-d42c0a7aee424bb28076c7e87aa9b334","AssociationRelationship","","","id-1f715c50add34dd48f6e85b5abc5864f","id-3446520345e34771bbca29a5327a55c4",""
"id-a2cc9809f1844c5eb34022878fd23bc5","AssociationRelationship","","","id-3446520345e34771bbca29a5327a55c4","id-1f715c50add34dd48f6e85b5abc5864f",""
"id-56fbe062c39f4981be5f89435793a5cb","AssociationRelationship","","","id-25dab47c068a403b85ee2c3b2ae3899d","id-da146668b5034f2985b357797db4c7cb",""
"id-d33018a02ef640c69b0687c97beb196a","AssociationRelationship","","","id-da146668b5034f2985b357797db4c7cb","id-b79bfd2993c646f589c1b62504e1109d",""
"id-83dc34ba9eb442fc9d087e06759479c7","AssociationRelationship","","","id-da146668b5034f2985b357797db4c7cb","id-09423f9f72b34108b89b821591c06a3e",""
"id-bc86e3647ddb443db558c99737d1165f","AssociationRelationship","","","id-da146668b5034f2985b357797db4c7cb","id-b4bd4ccf737b4933a5f68ee1bfa5a52d",""
"id-52b72a67cb164d2584cc94bdee02808d","AssociationRelationship","","","id-da146668b5034f2985b357797db4c7cb","id-b487a75c640244a2bc62170c491e6468",""
"id-1ce252b2feb04e83a8d10f557e5dc9b6","AssociationRelationship","","","id-da146668b5034f2985b357797db4c7cb","id-b03f7dcffd964a4c88b609cc6466ea8f",""
"id-f29c08e32c824d1683b38245df3ba440","AssociationRelationship","","","id-da146668b5034f2985b357797db4c7cb","id-f3aaf3347f3045bdb471b19a97e1ef6d",""
"id-a46a0f6f26d049bd9111e9343d31da1f","AssociationRelationship","","","id-da146668b5034f2985b357797db4c7cb","id-ed884a159cc3431d831680bf357572e8",""
"id-26be7b16b1aa448895857c9493ec18be","AssociationRelationship","","","id-da146668b5034f2985b357797db4c7cb","id-e7476091c189486a9ed270dab3dcbb58",""
"id-1541c3d1a348487f82f620af68e4c612","AssociationRelationship","","","id-da146668b5034f2985b357797db4c7cb","id-df600d44506142ed9852a9d3238f5b5e",""
"id-b391a6fa969f4391807a8aa27c7f6e9b","AssociationRelationship","","","id-da146668b5034f2985b357797db4c7cb","id-3f88c331955747f9a82ad23ff4823692",""
"id-d357c7096f7c475186014fb8fe2aa4e2","AssociationRelationship","","","id-25dab47c068a403b85ee2c3b2ae3899d","id-eb3ffd66a08041ffadc727b61f817186",""
"id-f9745625e8d24ff9b811178a5b519019","AssociationRelationship","","","id-857a6df88cff460f9468418f701f33a0","id-eb3ffd66a08041ffadc727b61f817186",""
"id-97e6bf52edd54f47a9cdaaed0382d95a","AssociationRelationship","","Purpose As stated in ISO/IEC/IEEE 15288,

The purpose of the Infrastructure Management process is to provide the infrastructure and services to projects to support organization and project objectives throughout the life cycle.

Activities

Establish the infrastructure
Maintain the infrastructure","id-12ba502972b04901892806c60d024af3","id-eb3ffd66a08041ffadc727b61f817186",""
"id-47bf2fcc0b24437cb18eae9563c375dc","AssociationRelationship","","","id-eb3ffd66a08041ffadc727b61f817186","id-b5a27d6dc2b842c790a2f982f97c19da",""
"id-7610520d0940499da025caea95ba8473","AssociationRelationship","","","id-eb3ffd66a08041ffadc727b61f817186","id-3743a6400ccf4252baed7d15288f7395",""
"id-8938277b8189427eae31c348fdd90ff5","AssociationRelationship","","","id-eb3ffd66a08041ffadc727b61f817186","id-dfc463047e1a4ec5b41fb9e7389b0640",""
"id-fffc8855e5ce424cbac5711820d9b32a","AssociationRelationship","","","id-eb3ffd66a08041ffadc727b61f817186","id-97226da0c82b4a7b9489a4eba0c7fd54",""
"id-5bf8693daa4e434a8badb71affeef455","AssociationRelationship","","","id-eb3ffd66a08041ffadc727b61f817186","id-8895806247d2424ea151b98d2d4cb812",""
"id-156727f23928428b8882c4ac0ef1065d","AssociationRelationship","","","id-b0a5b110350b4eb3a13cd0c162b89119","id-80f55a560b2f4dbdbcb63550889ec200",""
"id-ab2b42e059944dd0bea59c6583b54ab9","AssociationRelationship","","","id-25dab47c068a403b85ee2c3b2ae3899d","id-80f55a560b2f4dbdbcb63550889ec200",""
"id-81bd806ca7434b758f04f31159089cd8","AssociationRelationship","","","id-b45d59277464441f9f56b974071e1cce","id-80f55a560b2f4dbdbcb63550889ec200",""
"id-13879b0ebfa5413eb70695f31d7db7b4","AssociationRelationship","","","id-0c1e2dd4cf4a4849a5f8d41a809787ca","id-80f55a560b2f4dbdbcb63550889ec200",""
"id-dee47925a4404975830adee33763a5ce","AssociationRelationship","","","id-c3be2eea07a14fb7b7b9001b43a711c4","id-80f55a560b2f4dbdbcb63550889ec200",""
"id-cb7ca97d34484eb1adff2db9dabec454","AssociationRelationship","","","id-fd1a768ac03f451e85cd5f7de1d1d605","id-80f55a560b2f4dbdbcb63550889ec200",""
"id-387c6700a8754bba8c51bd324c4a0038","AssociationRelationship","","","id-fb1e454c2e894a378ed97b37eb70ac3f","id-80f55a560b2f4dbdbcb63550889ec200",""
"id-7760f5a6ac2c4da1b7362f8f55beb117","AssociationRelationship","","","id-be3e5014ad0448e0bdc32582044f83a1","id-80f55a560b2f4dbdbcb63550889ec200",""
"id-d7d2962ed3ad445184cca8e0bbe50859","AssociationRelationship","","","id-c0c36ba53d3a47b88905c8534c0807be","id-80f55a560b2f4dbdbcb63550889ec200",""
"id-641af3b3b729426eab8c8e6804fb951d","AssociationRelationship","","","id-80f55a560b2f4dbdbcb63550889ec200","id-34017589584249dc8937e890b8f447a7",""
"id-3dc11bbd4d114344b9cc926f4f021414","AssociationRelationship","","","id-80f55a560b2f4dbdbcb63550889ec200","id-857a6df88cff460f9468418f701f33a0",""
"id-825935f6054c4951985fbc61b275bc59","AssociationRelationship","","","id-80f55a560b2f4dbdbcb63550889ec200","id-6160b83f0c514404b495ec7088fea940",""
"id-af111f7b55e742b8a0de101b1ea6006d","AssociationRelationship","","","id-80f55a560b2f4dbdbcb63550889ec200","id-4169c6fa6c2d48afb227650a0505abd6",""
"id-6c78c0e7a8d7487ea678555e23c6eae5","AssociationRelationship","","","id-80f55a560b2f4dbdbcb63550889ec200","id-7205cee1f17340158150eea23405b82a",""
"id-3edfd90f84e5479abdab9624717a674e","AssociationRelationship","","","id-80f55a560b2f4dbdbcb63550889ec200","id-216e2dce74054334b01de870c3ec2684",""
"id-084da545868244b18dd97cfe05c1f031","AssociationRelationship","","","id-80f55a560b2f4dbdbcb63550889ec200","id-df600d44506142ed9852a9d3238f5b5e",""
"id-2896649ae6084d18b1fa10250378fc16","AssociationRelationship","","","id-80f55a560b2f4dbdbcb63550889ec200","id-32616aa7d1d1458cbf7d551227b949fc",""
"id-f7068013f9e546ba9b24973fb56d5374","AssociationRelationship","","","id-25dab47c068a403b85ee2c3b2ae3899d","id-d9d5ae63f9ef49adb3b6fcc8b1864c74",""
"id-81a1342aef044ca3911cc4fe1fb14b9e","AssociationRelationship","","","id-7205cee1f17340158150eea23405b82a","id-d9d5ae63f9ef49adb3b6fcc8b1864c74",""
"id-6a80904e0b0c40d3b30286aaf6d8731b","AssociationRelationship","","","id-72807c90cb414bfdbb22e1633ebb1fa3","id-d9d5ae63f9ef49adb3b6fcc8b1864c74",""
"id-a00fc2a06a3345da98ab014f96868eed","AssociationRelationship","","","id-d9d5ae63f9ef49adb3b6fcc8b1864c74","id-78a45ba4abd6438a9e9a4b29c9ec7927",""
"id-19dbdcc98cac4ad3a71d49714817edea","AssociationRelationship","","","id-d9d5ae63f9ef49adb3b6fcc8b1864c74","id-9c11d47b951544f7934ffec1074892a4",""
"id-ffc15678a8f247b59f9797c0dedb4275","AssociationRelationship","","","id-d9d5ae63f9ef49adb3b6fcc8b1864c74","id-16031e49abb249609f13156d7d6312a7",""
"id-17666823bff747929322ae1b85ebe8cf","AssociationRelationship","","","id-d9d5ae63f9ef49adb3b6fcc8b1864c74","id-b92111ab22954f389f66a540cf851352",""
"id-54b41fef045545779f22426cf778e7b7","AssociationRelationship","","","id-25dab47c068a403b85ee2c3b2ae3899d","id-0479b2608c3c44a698f2a58780f67314",""
"id-81efeadd4dbf436d813db80c9963a43c","AssociationRelationship","","","id-f0b21ed7f0a94213b1f672fec6daca5d","id-0479b2608c3c44a698f2a58780f67314",""
"id-2f5749b92c3840588143d39095e50c76","AssociationRelationship","","","id-c271789d9e8a480aa5b04053e0c88c69","id-0479b2608c3c44a698f2a58780f67314",""
"id-1a0edf1888124a3fabcd294d107b2a72","AssociationRelationship","","","id-5b4f07e6383540dbbfb03dec1d8cde21","id-0479b2608c3c44a698f2a58780f67314",""
"id-7734260666504f718ac01cb50b882df2","AssociationRelationship","","","id-41ca205ed1a8458795565c3387762ace","id-0479b2608c3c44a698f2a58780f67314",""
"id-bcb47881c1b0466898f22742f78acd12","AssociationRelationship","","","id-0479b2608c3c44a698f2a58780f67314","id-10aa54c21d334e189db100dabdafafc1",""
"id-ba74f5233fca494f92681e02d46a9cba","AssociationRelationship","","","id-0479b2608c3c44a698f2a58780f67314","id-836872682dcd4f36bc59b8e8b02e7a56",""
"id-131c08b61d6646de9e27cdf2f50e0730","AssociationRelationship","","","id-0479b2608c3c44a698f2a58780f67314","id-3cd4c1de419c4ff0a23719e70daa8966",""
"id-255014aecadc4c01a7a43d6f9fb653a7","AssociationRelationship","","","id-0479b2608c3c44a698f2a58780f67314","id-4fed58ab78da4b6eaccc86d428e95241",""
"id-3330bad6b56f45c8a336918d5cc9c345","AssociationRelationship","","","id-0479b2608c3c44a698f2a58780f67314","id-08d68149321e4644a4a0c56705bd5cf4",""
"id-713e34206d2442faa622039faaeab87b","AssociationRelationship","","","id-0479b2608c3c44a698f2a58780f67314","id-915418d44af24a3da36171d084f31eaa",""
"id-118244ab97d347e480743c434c93a4a8","AssociationRelationship","","","id-0479b2608c3c44a698f2a58780f67314","id-a738dbebbe164d4fa6e99c6468816883",""
"id-5e1f077017ff40d6b8975270dec83bc6","AssociationRelationship","","","id-25dab47c068a403b85ee2c3b2ae3899d","id-25e30adad8ae44f4a8c1041bc8011d6b",""
"id-cdc51b49db9d4474b63b58f3a2106556","AssociationRelationship","","","id-df600d44506142ed9852a9d3238f5b5e","id-25e30adad8ae44f4a8c1041bc8011d6b",""
"id-9a19f4067ad0433698910f43f86be72a","AssociationRelationship","","","id-794eacf0696c436f93c3ea5a52ec479a","id-25e30adad8ae44f4a8c1041bc8011d6b",""
"id-25db3d361e1d499790376814382af59f","AssociationRelationship","","","id-654ab0aed7a647afb9016063e8fd9ad4","id-25e30adad8ae44f4a8c1041bc8011d6b",""
"id-2c1fc4150fa34db6b6e8d8c5b78d0af6","AssociationRelationship","","","id-25e30adad8ae44f4a8c1041bc8011d6b","id-9ad12b8cf1b648dcaafde58d2d935d83",""
"id-8961ec076dfa4922a5755a8abe7cbf62","AssociationRelationship","","","id-25e30adad8ae44f4a8c1041bc8011d6b","id-33ba894e87794e4da5c9706bd0ad11d4",""
"id-86c39f614e2d4e6c929795de5ea1b67d","AssociationRelationship","","","id-25e30adad8ae44f4a8c1041bc8011d6b","id-4a92f012e31b4eeeba27f2410c9dfdfe",""
"id-a1db4755ab374720829a8ef3518c0c92","AssociationRelationship","","","id-25e30adad8ae44f4a8c1041bc8011d6b","id-fcfb32eb47ee4599bc3cd6349b76c89c",""
"id-382f9704b98e4596a6f5d8e27de2dbfc","AssociationRelationship","","","id-25e30adad8ae44f4a8c1041bc8011d6b","id-dcc238ce62f7435697bb9ee88258e61e",""
"id-e5e740a8539d44acb9ba3c7923eb0088","AssociationRelationship","","","id-100432dff91d4ff5aa6030141fee6ccb","id-853d7342dea14a7e8ea81f5c1c32b8b0",""
"id-21feeb95a9f6417287f436b0b6ee6458","AssociationRelationship","","","id-0c1e2dd4cf4a4849a5f8d41a809787ca","id-853d7342dea14a7e8ea81f5c1c32b8b0",""
"id-489205e502414c16bea48767020b0c18","AssociationRelationship","","","id-1d2ec952b5a04f38a111636008bba23c","id-853d7342dea14a7e8ea81f5c1c32b8b0",""
"id-241af8a4ca5d489ca2c91a7e9b8e2a96","AssociationRelationship","","","id-622f11e9fe1d45a98c6607a140b403de","id-853d7342dea14a7e8ea81f5c1c32b8b0",""
"id-5df267501ab44a2692894fcb24a69ac5","AssociationRelationship","","","id-45ba588dbf2d41c19572901b15249833","id-853d7342dea14a7e8ea81f5c1c32b8b0",""
"id-b14fca8d9b8b4a32b5da5dabad426fdf","AssociationRelationship","","","id-5cbdb4dc3b7943fa8a1011445c1f3504","id-853d7342dea14a7e8ea81f5c1c32b8b0",""
"id-7a501f752df64e89b6cd0ad62b797c1c","AssociationRelationship","","","id-e14508f0e4124e0782dc464b4ed65f2b","id-853d7342dea14a7e8ea81f5c1c32b8b0",""
"id-2bcb1874a6ae455fa98d96d34f2df66c","AssociationRelationship","","","id-c01a1f1b35c24c788368f5668dfe2347","id-853d7342dea14a7e8ea81f5c1c32b8b0",""
"id-5171f50bb1e34e318c16397e491ebae4","AssociationRelationship","","","id-d29a13e0e0fb4aeea86575c35dc6d411","id-853d7342dea14a7e8ea81f5c1c32b8b0",""
"id-a6eadd16a8d44e4294c718239a055533","AssociationRelationship","","","id-5be7e85db9a14933add51edeeeafa32d","id-853d7342dea14a7e8ea81f5c1c32b8b0",""
"id-8671bd9f3dc6454db42b7487269d9470","AssociationRelationship","","","id-a37b3ee6f3cd4d4fadf7799c6809f3f8","id-853d7342dea14a7e8ea81f5c1c32b8b0",""
"id-54636525b7674abea3514d95e607f415","AssociationRelationship","","","id-4fed58ab78da4b6eaccc86d428e95241","id-853d7342dea14a7e8ea81f5c1c32b8b0",""
"id-1f5a9803dbcf4797b624c464c05137da","AssociationRelationship","","","id-853d7342dea14a7e8ea81f5c1c32b8b0","id-9acc5aa107e54631aa81ee9c33bc707e",""
"id-f0a5e6022bdf4b068633540eb88196a6","AssociationRelationship","","","id-853d7342dea14a7e8ea81f5c1c32b8b0","id-ddbd3915154e42ffb84069ff54b70cea",""
"id-6c892a0c7a46413490bd745e0406553e","AssociationRelationship","","","id-853d7342dea14a7e8ea81f5c1c32b8b0","id-82bf0c20cec0410b804e432c877c1873",""
"id-5fe182bdbc5648c19d4c80b0ffb0493e","AssociationRelationship","","","id-853d7342dea14a7e8ea81f5c1c32b8b0","id-be3e5014ad0448e0bdc32582044f83a1",""
"id-3c153e9ff11c41b9a7e3ded21c8ddc65","AssociationRelationship","","","id-853d7342dea14a7e8ea81f5c1c32b8b0","id-fb1e454c2e894a378ed97b37eb70ac3f",""
"id-1040c8c099494aee8fd6989ff15736f0","AssociationRelationship","","","id-853d7342dea14a7e8ea81f5c1c32b8b0","id-10dc72c3ec4d4d8a8002528bbf404dbd",""
"id-17cedef0d2be4d7584feac3a69ba7c01","AssociationRelationship","","","id-853d7342dea14a7e8ea81f5c1c32b8b0","id-794eacf0696c436f93c3ea5a52ec479a",""
"id-4adaf854656444b1bb85f7fe7bad67e1","AssociationRelationship","","","id-853d7342dea14a7e8ea81f5c1c32b8b0","id-a09de1a058fb47c7a0ff78ea03f1eb00",""
"id-3c34a2390955404bb4ed95e00f492900","AssociationRelationship","","","id-853d7342dea14a7e8ea81f5c1c32b8b0","id-a37b3ee6f3cd4d4fadf7799c6809f3f8",""
"id-b402ac3b0de340debe2666e4407bed05","AssociationRelationship","","","id-c364744869d146318db3ddfd92f6773c","id-7688d8ba5911479c8d4ffe8ed64ada4f",""
"id-ae2bd9eb6f6942f0befed529d237da45","AssociationRelationship","","","id-0e427a724d354b8a838351b56d8ddc4a","id-7688d8ba5911479c8d4ffe8ed64ada4f",""
"id-de86e2353a07441fae3ab0bf183ed255","AssociationRelationship","","","id-d4c820adfc22408a98967bd85e6c8000","id-7688d8ba5911479c8d4ffe8ed64ada4f",""
"id-051893c2efb747749e6f506c9e9f4418","AssociationRelationship","","","id-7688d8ba5911479c8d4ffe8ed64ada4f","id-b925b3fb3f164d6187a5f480c31e30e3",""
"id-f8727c47d1e045f5a374b45b90779363","AssociationRelationship","","","id-7688d8ba5911479c8d4ffe8ed64ada4f","id-1b318c0a9fd74b6e93d0b6d3db53c128",""
"id-9f00a2392834467484fca142af040fdf","AssociationRelationship","","","id-7688d8ba5911479c8d4ffe8ed64ada4f","id-234f2afb68a844d6873e4834a0fb056c",""
"id-be5fb2acf1ab463f9b87815c6927b1d5","AssociationRelationship","","","id-7688d8ba5911479c8d4ffe8ed64ada4f","id-1307704b656146d6a43361f251a8df87",""
"id-698d4e94780746c693be4be6d3562627","AssociationRelationship","","","id-7688d8ba5911479c8d4ffe8ed64ada4f","id-868a51d79c66458d960be94b1035ac29",""
"id-8eec1b5880664029acb28e0e97d658f3","AssociationRelationship","","","id-7688d8ba5911479c8d4ffe8ed64ada4f","id-20551c025d9b40dea08ed1754a048ffc",""
"id-5bc34798bb82478fa9b8cb37682e6f87","AssociationRelationship","","","id-7688d8ba5911479c8d4ffe8ed64ada4f","id-b9d11a0a957d42c297ec98a6c60385ce",""
"id-6ab2d7b33db74cf2a122162cd919d3ec","AssociationRelationship","","","id-86598239d80d4fa8afae7a341ceee720","id-9e3f81600aeb4c658929144c1544764c",""
"id-fb2052e21d7443e7946a5f86813fd3c1","AssociationRelationship","","","id-9e3f81600aeb4c658929144c1544764c","id-c8249c531538429fb4fa5f17efe0e93b",""
"id-f9bc662e4b224a38a57208271146a18f","AssociationRelationship","","","id-9e3f81600aeb4c658929144c1544764c","id-16a8b352d7f74ff18f1bbc8ce4dcaa5d",""
"id-103185f7d4dc41ceb0dccdb57e599df1","AssociationRelationship","","","id-9e3f81600aeb4c658929144c1544764c","id-00fbee220f364657ba6bf0723b651c86",""
"id-af1ceefafbb240f1b6760a9242afd225","AssociationRelationship","","","id-9e3f81600aeb4c658929144c1544764c","id-c64ff46ca314402695f7f53fd1faa030",""
"id-f4b986d7d61c417a81e5c7cf4e9e170d","AssociationRelationship","","","id-78a4392bca544ea2a8954eef4e34a1d7","id-2d509d9118f34be8b92347524221b7e9",""
"id-76ec27db8b974c23b8a5b9903888076a","AssociationRelationship","","","id-a37b3ee6f3cd4d4fadf7799c6809f3f8","id-2d509d9118f34be8b92347524221b7e9",""
"id-ff8545dcfa5a4ca5a484b8022f651a6d","AssociationRelationship","","","id-2d509d9118f34be8b92347524221b7e9","id-c61de39abd604ad1833a632aac6fc030",""
"id-6db1b21e8081406fa3b36c6f7475fd68","AssociationRelationship","","","id-2d509d9118f34be8b92347524221b7e9","id-31033d50c3d34ac2b3d3d7ba5ffa64d5",""
"id-1b1a88a914a0418fa36fff693011ff8d","AssociationRelationship","","","id-2d509d9118f34be8b92347524221b7e9","id-a37b3ee6f3cd4d4fadf7799c6809f3f8",""
"id-c1a1e4c5c849469bbe5712388dc3b19e","AssociationRelationship","","","id-2d509d9118f34be8b92347524221b7e9","id-a95cda47e3a44fee9bbfc6666e8092b8",""
"id-d57f1fe44cc948c084580a15ae551cee","AssociationRelationship","","","id-2d509d9118f34be8b92347524221b7e9","id-65d68f4d1ad04a1fb6509bed0f51f721",""
"id-c722bada15ad46d98fa9fec541ea7bbc","AssociationRelationship","","","id-ae2b6ad911d341aebb56a139588a913e","id-44a6ddd394034b8aacebf095822675f7",""
"id-158d693083374ba6ad11aa7c8cf5c62a","AssociationRelationship","","","id-f218e2da4eec449d80a30fbb3a717d44","id-44a6ddd394034b8aacebf095822675f7",""
"id-126c76c05fee479a9694b66c9b22206f","AssociationRelationship","","","id-44a6ddd394034b8aacebf095822675f7","id-4a13ebf2f8af49b780736701d72e8d23",""
"id-d7d0b50603874c4487305da0806f3fdc","AssociationRelationship","","","id-44a6ddd394034b8aacebf095822675f7","id-2fdaf6b8776f40bf9deb2989735e4f8c",""
"id-6242607c1eda4276b941d25637ef0618","AssociationRelationship","","","id-44a6ddd394034b8aacebf095822675f7","id-69017c275fd342abb566ce5eaf22325e",""
"id-491c2b46f6054e198f89399492d7483a","AssociationRelationship","","","id-44a6ddd394034b8aacebf095822675f7","id-5d507ae55b674c8dafc42d2eae81d495",""
"id-824f6de40e9c495ba9dbe753cef9b689","AssociationRelationship","","","id-10aa54c21d334e189db100dabdafafc1","id-3418318de4634ed3b82ed08d1e3cdfec",""
"id-2f15c909ef7b421f81c52e32576f9a72","AssociationRelationship","","","id-836872682dcd4f36bc59b8e8b02e7a56","id-3418318de4634ed3b82ed08d1e3cdfec",""
"id-85687161fee14f83b08674146894a613","AssociationRelationship","","","id-08d68149321e4644a4a0c56705bd5cf4","id-3418318de4634ed3b82ed08d1e3cdfec",""
"id-c2dde80af35742678a0825e4602308b4","AssociationRelationship","","","id-4fed58ab78da4b6eaccc86d428e95241","id-3418318de4634ed3b82ed08d1e3cdfec",""
"id-46e5df9b974a4010bcaf702933d98ae8","AssociationRelationship","","","id-3418318de4634ed3b82ed08d1e3cdfec","id-f0b21ed7f0a94213b1f672fec6daca5d",""
"id-3100e4e5841b497b9fd911c8c4d16c49","AssociationRelationship","","","id-3418318de4634ed3b82ed08d1e3cdfec","id-272121b5009a4a4e9d9b74fd4cc3c789",""
"id-5fc6b0dfd7cb41d29711e1447c21446e","AssociationRelationship","","","id-3418318de4634ed3b82ed08d1e3cdfec","id-2adbd712dbdd4e41ae519ad04ae3c1f1",""
"id-f0954c6e02f049d3bde3bb0622bad8e5","AssociationRelationship","","","id-3418318de4634ed3b82ed08d1e3cdfec","id-c271789d9e8a480aa5b04053e0c88c69",""
"id-8b78214ca52a445cbe8a2435f7fd19d4","AssociationRelationship","","","id-3418318de4634ed3b82ed08d1e3cdfec","id-5b4f07e6383540dbbfb03dec1d8cde21",""
"id-75592c5f725e4bfbb0dd732627d634b8","AssociationRelationship","","","id-3418318de4634ed3b82ed08d1e3cdfec","id-439ae8d3421749379d357f53d5fb6105",""
"id-324f812ab3454870af7381c6e75e358c","AssociationRelationship","in_out","","id-7f6dadbc51ae48448b08e403a2a0972f","id-fe00585692e8429b92baf2f3bd708941","in_out"
"id-675d843fef61489c90cf8cb77bf8e1f5","AssociationRelationship","in_out","","id-c364744869d146318db3ddfd92f6773c","id-76f2c56aeba347f5b97789b558ac9b06","in_out"
"id-228616bbfda441ab868110070627b6ed","AssociationRelationship","in_out","","id-1f715c50add34dd48f6e85b5abc5864f","id-3446520345e34771bbca29a5327a55c4","in_out"
"id-0232387413d14405bc6cc80bccf899c9","AssociationRelationship","in_out","","id-7f6dadbc51ae48448b08e403a2a0972f","id-5847f36a59aa403d99201ab669553d4a","in_out"
"id-81ffe165d80148e79a96d530bbe80676","AssociationRelationship","in_out","","id-cc956002383842218b71cda5caf6f18d","id-5847f36a59aa403d99201ab669553d4a","in_out"
"id-2f79914f775d43e2921e7294f8764051","AssociationRelationship","in_out","","id-f5b52cd6acd84dde99221399355bbfea","id-e2b5514849f24664a80d9a5f94d6f23c","in_out"
"id-6c501642033447fc82add4c9d7d9200f","AssociationRelationship","in_out","","id-cc956002383842218b71cda5caf6f18d","id-e2b5514849f24664a80d9a5f94d6f23c","in_out"
"id-168880295fa5497eac597403f58d5c2d","AssociationRelationship","in_out","","id-f61ecd5007c94f20b0e74e1ae0a4a044","id-a2a787a1e17a4f9ba6f4fae4aeb19974","in_out"
"id-a1eb621cf3cf4ea1ad9c38f67a47aaba","AssociationRelationship","in_out","","id-cc956002383842218b71cda5caf6f18d","id-4b9d4b4eb36142feb75136212d446cff","in_out"
"id-715b4f0a5f8a4bbd962b392eb4dc257f","AssociationRelationship","in_out","","id-5a11665598044f2db072db80bb15dcad","id-3ae10bd6637245acb01256bd7112875f","in_out"
"id-72799ecdd83d4da98cf7d73db76fcf12","CompositionRelationship","","","id-8a0797c0a36c41cd86aac1daa98fa515","id-41227716c5214cc29a6faad59154e2ac",""
"id-acc91ac30fd64c1db4d78fcecc7a8d59","CompositionRelationship","","","id-d3b6bde373d94c508b5557a6167592d3","id-ec6f7538d85e486fbac3523d90da2477",""
"id-a09b1c99c9194ee685e9123a4d81e7ff","CompositionRelationship","","","id-d3b6bde373d94c508b5557a6167592d3","id-79416880f3b14dc38b8492fbc3633f6f",""
"id-f99146ed673249a2b84a56bcdcc1011f","CompositionRelationship","","","id-d3b6bde373d94c508b5557a6167592d3","id-a5a00a4ce2bc44cc89a233c4a9cbda87",""
"id-cdbc433be472454ead4f9b84e1c6e6d2","FlowRelationship","","","id-3446520345e34771bbca29a5327a55c4","id-32ab6a7d246e4c2db95199dfb6ada8b1",""
"id-03789c59f4d34e85a06e3c92770b0571","FlowRelationship","","","id-32ab6a7d246e4c2db95199dfb6ada8b1","id-fe00585692e8429b92baf2f3bd708941",""
"id-934c383d2dd6466896491ba112c6f11e","FlowRelationship","","","id-fe00585692e8429b92baf2f3bd708941","id-5847f36a59aa403d99201ab669553d4a",""
"id-dc35ea1c4054469d8a70194d535f890c","FlowRelationship","","","id-5847f36a59aa403d99201ab669553d4a","id-e2b5514849f24664a80d9a5f94d6f23c",""
"id-00aa4c9684564ed2a073ccdd330021a6","FlowRelationship","","","id-32ab6a7d246e4c2db95199dfb6ada8b1","id-3446520345e34771bbca29a5327a55c4",""
"id-133e6ecf329e4417b037ae85e97b881c","FlowRelationship","","","id-a2a787a1e17a4f9ba6f4fae4aeb19974","id-4b9d4b4eb36142feb75136212d446cff",""
"id-02a8a8ecd5f645efb4661cfa7ab2b84a","FlowRelationship","","","id-e2b5514849f24664a80d9a5f94d6f23c","id-a2a787a1e17a4f9ba6f4fae4aeb19974",""
"id-9eeae93ec38a4025b3dd06c61783b240","FlowRelationship","","","id-4b9d4b4eb36142feb75136212d446cff","id-3ae10bd6637245acb01256bd7112875f",""
"id-2953f83b34714bfbba1b5bc502fe5e36","FlowRelationship","","","id-3ae10bd6637245acb01256bd7112875f","id-62df66fd5c054577b97050c66dfeadaa",""
"id-0e010ff245344c25b239013b50140c35","FlowRelationship","","","id-62df66fd5c054577b97050c66dfeadaa","id-42b4d868c90b4d6591e6105c63d0d568",""
"id-d51b1d10f2d54a24a6417b7b5f0505e9","FlowRelationship","","","id-42b4d868c90b4d6591e6105c63d0d568","id-3d6e3dd6de2a4e7188b5a5924e2f9722",""
"id-ba945f9a9fc94a0680cd9926f2f83c68","FlowRelationship","","","id-42b4d868c90b4d6591e6105c63d0d568","id-7cc650c704cc47ce8d0f9b56b34e3e3d",""
"id-2921a5480ffd459f904a4fa5dd68e710","FlowRelationship","","","id-3d6e3dd6de2a4e7188b5a5924e2f9722","id-a738c755e8f246d18ffbb06df2763cd3",""
"id-d5ba95884623454d81a1c6298c5ea896","FlowRelationship","","","id-3d6e3dd6de2a4e7188b5a5924e2f9722","id-7cc650c704cc47ce8d0f9b56b34e3e3d",""
"id-cce86cd2626b49068d5663d2fbad09bf","FlowRelationship","","","id-7cc650c704cc47ce8d0f9b56b34e3e3d","id-3d6e3dd6de2a4e7188b5a5924e2f9722",""
"id-9984ce2937f34cd797aa565ede146079","FlowRelationship","","","id-7312fee6da5f4ab9b19655f7c887aa92","id-ec6f7538d85e486fbac3523d90da2477",""
"id-eb5dd8dbaf964229b4d41c2eb0e810ae","FlowRelationship","","","id-d3b6bde373d94c508b5557a6167592d3","id-ec6f7538d85e486fbac3523d90da2477",""
"id-c5df517535e34b12aea92b7133d108f8","FlowRelationship","","","id-ec6f7538d85e486fbac3523d90da2477","id-7312fee6da5f4ab9b19655f7c887aa92",""
"id-d080cc285f594cd78e6f6759f063d6eb","FlowRelationship","","","id-79416880f3b14dc38b8492fbc3633f6f","id-a5a00a4ce2bc44cc89a233c4a9cbda87",""
"id-be87dafdd66241d28c76cb8c9b2cf92f","FlowRelationship","","","id-a5a00a4ce2bc44cc89a233c4a9cbda87","id-79416880f3b14dc38b8492fbc3633f6f",""
"id-eca3cb904cc547db93490278d27464f3","FlowRelationship","","","id-ec6f7538d85e486fbac3523d90da2477","id-79416880f3b14dc38b8492fbc3633f6f",""
"id-d144cfc262a44ddea7df5265916d78b0","FlowRelationship","","","id-79416880f3b14dc38b8492fbc3633f6f","id-ec6f7538d85e486fbac3523d90da2477",""